Date;Pais;Combustíveis sólidos;Petróleo bruto e produtos petrolíferos;Gás;Energia eléctrica;Energias renováveis
1990;Alemania;32270.5;92189.7;36808.3;39129.8;2984.5
1991;Alemania;21172.2;99293.9;40311.4;39150.7;2845.7
1992;Alemania;15263.3;99628.2;41113.3;38772.7;2669.9
1993;Alemania;12373.7;102199.9;43753.4;38354.8;2694.7
1994;Alemania;10830.3;98537.6;44743.7;38140.4;2723
1995;Alemania;9672.6;98815.8;48213.4;38797;2727.4
1996;Alemania;9340;102089.1;54288.4;39411.7;2767.7
1997;Alemania;8701.1;100195.2;51811.5;39701.4;4149
1998;Alemania;6781.4;99342.3;51873.2;40079.7;4436.4
1999;Alemania;6087.4;95466.2;52158.7;40712;4419.1
2000;Alemania;5587;92269.5;52981.3;41569.5;4828.4
2001;Alemania;5213.5;94499.8;53933.2;42585.3;5205
2002;Alemania;4957.9;90185;53914.9;43723.8;5567.4
2003;Alemania;5818;88137.8;53218.2;44273.7;7908.3
2004;Alemania;4767.7;85164.7;53554.4;44851.3;8838.1
2005;Alemania;4033.9;82171.3;52614.2;44918.9;10105.1
2006;Alemania;4798.1;82824.4;53538;45411.5;12677
2007;Alemania;4590.7;71231.7;51279.9;45531.6;14087.5
2008;Alemania;4154.4;78408.7;52595.4;45379.4;14170.3
2009;Alemania;3727.8;74578.2;48911.6;42776.6;13693.5
2010;Alemania;4375.2;74946.6;53993.4;45745.7;16217.9
2011;Alemania;4880.8;72300.4;48190.4;45131.3;15308.1
2012;Alemania;4341.9;72565.8;50299.8;45100.9;16705.6
2013;Alemania;4318.2;75296.2;52845.6;44910.6;16948.1
2014;Alemania;4077.8;73692.5;47428.6;44003.2;15526.9
2015;Alemania;4749.3;73037.1;49302.2;44277.6;15583
2016;Alemania;4630.1;73583.5;52415.6;44501.6;15387.9
2017;Alemania;4547.9;73663;52772.2;44621.9;15779.6
2018;Alemania;3758.5;70187.3;53196.1;44080.5;16446.5
2019;Alemania;3421.6;72069.2;52364.1;42950.5;16618.1
1990;Austria;1078.5;7515.5;2675.8;3677.3;2104.9
1991;Austria;1157.7;8193.1;2884.7;3853.7;2268
1992;Austria;978.6;7951.9;3000.2;3812.4;2185.8
1993;Austria;887;8260;3058.4;3865.7;2196.5
1994;Austria;796.8;8073;3017.6;3921.3;2020
1995;Austria;783.4;8261.3;3416.3;4016.5;2184
1996;Austria;771.6;9180.2;3679.7;4154;2324.6
1997;Austria;757.1;8785.1;3685.6;4205;2274.2
1998;Austria;689.4;9338.5;3767.5;4274.3;2179.6
1999;Austria;687.5;9028.4;3868.2;4373.4;2527.9
2000;Austria;655.2;9017.6;3953.3;4431.7;2407.6
2001;Austria;587.9;9594.3;4468.9;4610;2563.6
2002;Austria;562.6;10180.7;4317.3;4630.6;2366
2003;Austria;531;10962.4;4544.7;4782.2;2448.6
2004;Austria;517.3;10980.3;4657.9;4881.9;2428.8
2005;Austria;492.7;11186.3;4665.9;4944.1;2938.7
2006;Austria;530.1;10705.3;4641.3;5041.6;3302.6
2007;Austria;493.8;10303.7;4394.3;5083.8;3527.6
2008;Austria;467.3;10029.2;4531.3;5108.8;3598.1
2009;Austria;390.1;9479;4397.8;4917.9;3780.3
2010;Austria;364.7;9675.9;4740.6;5153.4;4117.8
2011;Austria;340.9;9143.8;4551.5;5150;3989.5
2012;Austria;344.6;8913.3;4553.4;5230;4147.3
2013;Austria;345.2;9196.2;4728.8;5258;4219
2014;Austria;340.8;8884.4;4379.5;5176.2;4059.3
2015;Austria;352.9;9068.7;4561.3;5258.3;4251.9
2016;Austria;361;9274.4;4728.3;5342.9;4289.9
2017;Austria;328.8;9487.3;4786.5;5424.1;4301.9
2018;Austria;296.2;9445.9;4655.6;5455.3;4099.7
2019;Austria;291.8;9517;4723.5;5461.1;4110.5
1990;Bélgica;2027.4;13554.4;6400.6;4985.7;325.2
1991;Bélgica;1984.1;14637.5;6738.9;5203.4;329.4
1992;Bélgica;1588.6;15135.1;6782.3;5381.2;319.9
1993;Bélgica;1298.5;14821;7139.1;5442.8;250.3
1994;Bélgica;1250.9;15032.5;7283.6;5713.4;244.4
1995;Bélgica;1163.2;15112;7850.6;5885.5;347.5
1996;Bélgica;1065;16136;8878.4;6008.3;356.5
1997;Bélgica;954.7;16085.5;8224.5;6176.2;337.1
1998;Bélgica;799.3;16150.7;8661.6;6359.4;382
1999;Bélgica;743.9;15651;8813.1;6406.5;409
2000;Bélgica;908.2;15141.7;9328.9;6667.4;409
2001;Bélgica;1685.7;15592.9;9643.2;6719;462
2002;Bélgica;858.2;14611.2;9736.3;6745.2;461.5
2003;Bélgica;807.1;15591.5;9674.5;6855.7;546.3
2004;Bélgica;674.2;15549.9;9939.2;6931.1;567.9
2005;Bélgica;584.6;15341.4;9445.8;6896.1;643.7
2006;Bélgica;477.1;14666.5;9930.5;7102.8;701.7
2007;Bélgica;461;13931.3;9595.6;7127.9;819.5
2008;Bélgica;526.7;14754.5;9595.3;7109.7;957.8
2009;Bélgica;548.6;14646.1;9038.7;6642.7;1162.2
2010;Bélgica;491.6;14795.5;9932.3;7282.3;1696.8
2011;Bélgica;457.4;13710.9;8643.3;7101;1510.1
2012;Bélgica;451.4;13517.4;9260.3;7081.7;1626.5
2013;Bélgica;532.1;13821.4;9769.3;7078.6;1813.4
2014;Bélgica;522.1;13163.5;8315.8;6979.4;1722
2015;Bélgica;543.1;14111.5;8915.5;7018.2;1669.1
2016;Bélgica;512.6;13751.4;9275.9;7067.9;1949.4
2017;Bélgica;493.1;13268.6;9433;7072.6;1949.1
2018;Bélgica;504.8;13266.1;9499.5;7134.5;1983.1
2019;Bélgica;487.6;12830;9436.1;7047.9;1948.8
1990;Bulgaria;1359.9;4785.1;1943.7;3032.8;172.5
1991;Bulgaria;995.8;2836.7;1619.8;2594.8;114.6
1992;Bulgaria;1071.8;2514.5;1366.4;2250.1;134.7
1993;Bulgaria;1124.4;2757.1;1008;2253.6;116.7
1994;Bulgaria;976.7;2771.2;1223.7;2278.3;135.6
1995;Bulgaria;904.3;2592.6;1553.9;2466.8;178
1996;Bulgaria;1020;2623;1486.5;2570.1;196.4
1997;Bulgaria;1095.6;3049;1976.6;2314.4;234.2
1998;Bulgaria;1000.9;3340;1576.1;2247.7;408.6
1999;Bulgaria;719.6;3272;1129.3;2045.8;421.4
2000;Bulgaria;596.8;2954.4;1387.4;2085.2;547
2001;Bulgaria;658.3;3037.7;1199.8;2114.6;539.9
2002;Bulgaria;756.1;3081.6;1072.7;2070.6;639.3
2003;Bulgaria;814.7;3331.3;1100.5;2161.1;681.7
2004;Bulgaria;785.2;3349.6;1157.7;2141.5;721.7
2005;Bulgaria;663.3;3532.9;1367.2;2211.2;740
2006;Bulgaria;645.2;3685.6;1465.2;2312;796
2007;Bulgaria;707.3;3521.7;1565.9;2339.9;735.1
2008;Bulgaria;531.2;3353.9;1490.6;2464.1;817
2009;Bulgaria;300.7;3122.5;991.8;2308.4;811.2
2010;Bulgaria;410.2;2957.5;1058.2;2330.4;980.1
2011;Bulgaria;444.5;2864.6;1273.8;2443.8;1049
2012;Bulgaria;410.2;2936.8;1182.2;2394.2;1187.4
2013;Bulgaria;364.3;2617.7;1155.9;2367.3;1254.9
2014;Bulgaria;317.3;2894.9;1178.7;2379.5;1196.2
2015;Bulgaria;331.1;3194;1299.7;2435.6;1291.9
2016;Bulgaria;334.1;3236.2;1300.6;2484.8;1347.7
2017;Bulgaria;371.6;3370.2;1352.7;2571.7;1378.6
2018;Bulgaria;355.3;3540.2;1300;2570.4;1400.2
2019;Bulgaria;312.5;3631.4;1142.1;2589.8;1424.8
1990;Chipre;64.1;630.8;0;154;4.2
1991;Chipre;64.1;763.9;0;161.4;3.6
1992;Chipre;17.2;830;0;182.2;3.5
1993;Chipre;20.5;840.8;0;198.5;3.5
1994;Chipre;17.8;870.7;0;207.4;7.7
1995;Chipre;13.2;909.5;0;191.1;38.1
1996;Chipre;11.9;965.9;0;197.7;40.3
1997;Chipre;12.5;964.3;0;204.8;39.7
1998;Chipre;17.2;994.7;0;224.9;41.1
1999;Chipre;19.8;1015.4;0;238;41.9
2000;Chipre;32.4;1035.6;0;257.6;41.9
2001;Chipre;34;1034.9;0;267.4;41.5
2002;Chipre;33.4;1035.9;0;291.1;44.1
2003;Chipre;34.6;1086.4;0;313.5;47.7
2004;Chipre;39.1;1110.7;0;322.4;50
2005;Chipre;35.7;1097;0;340.5;50.9
2006;Chipre;38.8;1096.3;0;358.4;54
2007;Chipre;33.3;1138.5;0;377.1;70.1
2008;Chipre;28.1;1148.2;0;398.5;90
2009;Chipre;14.6;1129.9;0;408.5;102.2
2010;Chipre;16.8;1100.3;0;419.8;101.7
2011;Chipre;7.5;1091.9;0;406;108
2012;Chipre;0.1;1004.1;0;379.1;108.1
2013;Chipre;0.1;925.1;0;337.2;108
2014;Chipre;2.2;919.6;0;341;105.9
2015;Chipre;3.7;937.8;0;351.8;117.1
2016;Chipre;0;975.1;0;378.3;120.2
2017;Chipre;3;999.5;0;390.5;135.7
2018;Chipre;13.6;949.7;0;401.1;192.6
2019;Chipre;17.2;974.9;0;406.2;197.3
1990;Croacia;475.4;2626.6;866.2;1143.9;861.5
1991;Croacia;233.9;2005.5;837.6;991.3;1195.4
1992;Croacia;159.7;1809;764.6;817.4;1044.5
1993;Croacia;142.4;1830.1;857.9;805.8;1101.5
1994;Croacia;127.6;1966.9;878.8;824.9;997.2
1995;Croacia;112.1;2028.8;897.9;853.1;1053.1
1996;Croacia;107.3;1974.6;987.3;884.3;1234.8
1997;Croacia;96.6;2342.5;1038.9;950.6;1157.4
1998;Croacia;88.4;2420;1068;953.6;1159.2
1999;Croacia;75.5;2564.2;1081.9;1006.4;1120.6
2000;Croacia;74.6;2618.8;1000.6;1017.5;1002.4
2001;Croacia;85.2;2666.8;1103.6;1031.9;1095.3
2002;Croacia;91.6;2788.8;1051.3;1092.2;1050.2
2003;Croacia;118.1;2915.5;1130.2;1115.4;1214.4
2004;Croacia;190.9;2932.6;1175.2;1178.2;1193.7
2005;Croacia;146.4;3024.1;1225.6;1239.6;1250.6
2006;Croacia;133.2;3144.1;1192.8;1296.6;1164.5
2007;Croacia;151.7;3164.5;1195.1;1322.8;1136.1
2008;Croacia;158.2;3127;1260.6;1387.5;1135.6
2009;Croacia;130.3;2983.1;1223;1333.7;1187.1
2010;Croacia;150.8;2804.1;1283.4;1363.9;1270.6
2011;Croacia;144.5;2711.4;1183.7;1353;1237.1
2012;Croacia;129.5;2543.6;1050.7;1319.9;1276.6
2013;Croacia;116;2560.2;993.3;1296;1261.1
2014;Croacia;102.6;2495.5;938.2;1275.4;1115.1
2015;Croacia;81.4;2629.5;977.2;1319.3;1255.4
2016;Croacia;66.9;2694.7;1030.6;1315.6;1191.3
2017;Croacia;76.2;2849.9;1081.4;1373.9;1168.8
2018;Croacia;68.8;2754;1076;1390.8;1147.5
2019;Croacia;82.7;2741.8;1094.6;1389.1;1151.9
1990;Dinamarca;397.1;6558.3;1121.9;2439.4;610.1
1991;Dinamarca;451.4;6805.9;1259.1;2515.6;642.9
1992;Dinamarca;400.4;6556.6;1301.5;2558;654.2
1993;Dinamarca;420.8;6666.9;1475.6;2593.6;674.5
1994;Dinamarca;402;6595.9;1509;2644.5;649.7
1995;Dinamarca;380.2;6633.7;1660.9;2655.6;645
1996;Dinamarca;360.5;6782.8;1786.2;2726.5;655.9
1997;Dinamarca;361.9;6598.6;1731.3;2741.6;670.2
1998;Dinamarca;336.2;6523.1;1724.8;2756.4;633.9
1999;Dinamarca;303.2;6493.9;1747.8;2767.5;648.6
2000;Dinamarca;290.8;6282.5;1667.4;2790.8;718.5
2001;Dinamarca;260.6;6334.1;1776.7;2800.2;785.4
2002;Dinamarca;220.3;6303.1;1661.7;2795.7;778.4
2003;Dinamarca;231.5;6382;1742.2;2783;857.2
2004;Dinamarca;261.7;6454;1702.4;2835.2;892.8
2005;Dinamarca;253.6;6440.5;1707.4;2877.2;1004
2006;Dinamarca;265.8;6477.1;1709.3;2905.1;1110.8
2007;Dinamarca;260.9;6517.1;1638.3;2878.4;1276
2008;Dinamarca;214.9;6319.7;1637;2848.1;1309.6
2009;Dinamarca;124.3;5951.7;1583;2703.8;1306
2010;Dinamarca;137.5;5941.5;1746.5;2756.5;1402.3
2011;Dinamarca;145.3;5699.4;1591;2722.2;1425.8
2012;Dinamarca;115.3;5199.1;1580.4;2681.1;1439.7
2013;Dinamarca;130.4;5039.8;1579.9;2674.6;1464.9
2014;Dinamarca;126.3;4924.5;1447.6;2646.2;1445
2015;Dinamarca;117.8;5098.1;1484;2649.1;1673.8
2016;Dinamarca;121.9;5170.3;1537.7;2657;1741.1
2017;Dinamarca;131.2;5138.1;1559.8;2666.8;1704.6
2018;Dinamarca;133.6;5172.8;1569.3;2653;1697.3
2019;Dinamarca;108.7;5050.9;1542.4;2682;1675.7
1990;Eslovaquia;3354.8;3334.5;3914.5;2013.2;166.4
1991;Eslovaquia;2829.2;2619.9;3271.1;1879;141.9
1992;Eslovaquia;2266.2;2365.3;3641.2;1747.8;117.8
1993;Eslovaquia;2292.3;1373.5;3470.4;1738.7;171.6
1994;Eslovaquia;1830.5;1653.7;3240.9;1747.5;171
1995;Eslovaquia;1671.1;1570.8;3538.8;1868.4;77.6
1996;Eslovaquia;1506.4;1461.4;3843.2;2018.8;75.2
1997;Eslovaquia;1348.1;1804.6;3798.5;1963.9;83.1
1998;Eslovaquia;1153.8;1813.7;3975.9;1805.2;72.1
1999;Eslovaquia;866.1;1792;4075.7;1955.9;71.1
2000;Eslovaquia;877;1679.3;4167.3;1892.5;91.3
2001;Eslovaquia;825.6;1882.4;3993.5;2016.5;298.2
2002;Eslovaquia;851.8;2264.8;3784.3;1957;240.2
2003;Eslovaquia;689.7;1993.3;3582.8;1976.4;293.4
2004;Eslovaquia;780.9;1963.6;3301.8;2066;317.2
2005;Eslovaquia;642.8;2149;3927.5;1964.7;328.5
2006;Eslovaquia;686;2090.5;3678.8;2033.9;318.8
2007;Eslovaquia;721.1;2203.8;3497.1;2112.9;429.4
2008;Eslovaquia;874.1;2367.7;3612.8;2129.4;422.5
2009;Eslovaquia;991.8;2008.8;2976.4;1986.1;540.7
2010;Eslovaquia;711.1;2264;3491.8;2075.2;540.7
2011;Eslovaquia;723.1;2200.3;2933.1;2133.4;550.2
2012;Eslovaquia;490.5;2217.1;2821.5;2058.2;440.5
2013;Eslovaquia;510.9;2107.3;2996.3;2156.8;407.8
2014;Eslovaquia;448.2;2070.3;2468.9;2077.1;512
2015;Eslovaquia;440.6;2080;2480.3;2095.5;635.3
2016;Eslovaquia;371.6;2292.1;2559.7;2148.5;573.9
2017;Eslovaquia;405.7;2639.6;2749.5;2218.7;598.8
2018;Eslovaquia;425;2785.5;2648.1;2230;651.4
2019;Eslovaquia;431.2;2763.8;2564.9;2166.1;1236.6
1990;Eslovenia;221;1499;714.5;794.7;263.2
1991;Eslovenia;238.1;1543.7;665.7;762.6;263.6
1992;Eslovenia;179.7;1452.9;559.7;728.4;262.5
1993;Eslovenia;134.8;1776.1;554.1;731.1;261.3
1994;Eslovenia;130.3;1916.2;553.7;793;260.1
1995;Eslovenia;111.8;2104.6;575.5;803.4;260.4
1996;Eslovenia;114.2;2441.4;598.6;816.5;260.4
1997;Eslovenia;89.1;2511.2;610;846.9;260.4
1998;Eslovenia;63.5;2324.4;626.1;867.6;260.4
1999;Eslovenia;85.8;2351.7;638.1;890.9;222.8
2000;Eslovenia;91.2;2234.3;568.9;904.6;548.1
2001;Eslovenia;86.9;2325.2;599.8;940.8;631.7
2002;Eslovenia;103.5;2274.2;590;1005.1;517.9
2003;Eslovenia;86.1;2310.6;632.8;1035.9;576.7
2004;Eslovenia;77.6;2340.1;665.9;1078.8;568.1
2005;Eslovenia;79.9;2384.4;664.8;1095.6;680.4
2006;Eslovenia;79.3;2425.3;657.2;1132;602.6
2007;Eslovenia;82.7;2389.4;645.2;1140.5;678.2
2008;Eslovenia;80.9;2787.1;640.2;1101.1;669.6
2009;Eslovenia;56.9;2399;573.2;971;647.4
2010;Eslovenia;48.8;2440.3;620.4;1027.1;701
2011;Eslovenia;53.8;2431.9;578.1;1074.8;690.4
2012;Eslovenia;51.2;2359.7;547.3;1068.6;684.5
2013;Eslovenia;47.9;2217.1;540.6;1073;724.4
2014;Eslovenia;45.5;2157.3;518.1;1071.3;636.7
2015;Eslovenia;39.3;2140.6;558;1099.6;678.9
2016;Eslovenia;36.3;2258.3;598.4;1119.9;674.4
2017;Eslovenia;38.6;2271;610.3;1163.4;655.5
2018;Eslovenia;41.1;2269.9;597.6;1179;641.9
2019;Eslovenia;40;2188.4;590.2;1176.2;641.4
1990;España;2230.3;33055.2;3950.5;10816.8;3933.9
1991;España;2583.4;34681.9;4305.5;11060.8;3692.5
1992;España;2398;35440.4;4704.7;11244.1;3367
1993;España;1444.5;35162.5;5010.9;11236.7;3376.7
1994;España;1581.4;37515.5;5014.7;11776.9;3386.4
1995;España;1363.4;37575.4;6425.3;12116.2;3255.4
1996;España;1212.7;38294.5;6893.1;12655.4;3275.1
1997;España;942.8;39108.2;7743.1;13673.9;3291
1998;España;756.3;41228.6;8703.5;14202.3;3429.8
1999;España;595.6;42003.5;9632.8;15240.9;3449
2000;España;805.8;43719;11819.1;16204.6;3469
2001;España;788.7;45130.1;13009.2;17278.8;3485.9
2002;España;780.9;45376.8;13696.4;17670.7;3595.3
2003;España;815.5;47880.6;15321.8;18735.9;3658.8
2004;España;720.7;49698.2;16371.7;19834;3688.6
2005;España;750.9;50516.3;17653;20827.3;3793.2
2006;España;752.6;50187;15158.4;21162.9;4007.3
2007;España;842.1;51287.6;15706.2;21563.6;4284.2
2008;España;779.5;48479.6;14678.9;21934.1;4417.4
2009;España;595.4;44722.6;13002.5;20617.2;5017.4
2010;España;527;43905.6;14347.1;21049.2;5383.7
2011;España;813.1;40501.4;14000.5;20938;5834.4
2012;España;524.8;36598.6;14634.1;20657.6;6323.4
2013;España;456.5;35717.9;14786.3;19783.9;5073
2014;España;444.3;35238.8;14295.5;19509.6;5461.9
2015;España;432.8;36718.3;13139.5;19951.7;5737.4
2016;España;407.2;37951.8;13445.5;19992.7;6062.6
2017;España;484.4;38805.8;13486;20559;6425.9
2018;España;478.8;39542.3;14271.4;20504.3;6992.8
2019;España;373.3;39481.9;14211.7;20165.9;7202.4
1990;Estonia;142.1;1790.5;257.7;585.1;187.9
1991;Estonia;147.8;1628.7;289.6;577.4;187
1992;Estonia;55.7;888.8;215.3;493.9;184.1
1993;Estonia;22.1;935.1;159.4;390.4;180.1
1994;Estonia;6.8;852.7;156;411.5;264.7
1995;Estonia;43.4;768.4;179.9;391.7;438.6
1996;Estonia;52.1;859.1;189.8;419.5;543.4
1997;Estonia;42.3;811.3;190.9;443.5;524.4
1998;Estonia;34.5;800.8;203.8;443.3;416.4
1999;Estonia;36;739.9;164.1;415.1;427.3
2000;Estonia;50.3;747;176.9;431.2;424.9
2001;Estonia;69.1;914;215;444.4;435.9
2002;Estonia;35.7;919.3;181.7;458.7;441.6
2003;Estonia;25.8;911.6;276.7;481.2;481
2004;Estonia;35;909;264.5;508.4;484.4
2005;Estonia;33.7;922.8;263.3;519.3;447.4
2006;Estonia;42.8;951.9;273.5;558;405.6
2007;Estonia;82.4;989.7;273.7;584.3;491.5
2008;Estonia;82.4;957;232.9;602.2;536.6
2009;Estonia;55.1;864.1;184.1;571.8;519.1
2010;Estonia;37.6;902.2;207.1;594;558.2
2011;Estonia;44.9;928.9;203.5;569.8;502.1
2012;Estonia;41;948.4;218.1;600;482.6
2013;Estonia;39.7;921.5;250;586.4;477.7
2014;Estonia;48;932.3;223.8;593.8;482.3
2015;Estonia;16.9;965.4;222.4;589.2;488.8
2016;Estonia;17.5;978;252.4;627.6;417.8
2017;Estonia;21.1;987.3;229;621.9;435.6
2018;Estonia;26.3;990.3;251.6;644.1;461.6
2019;Estonia;30;978.4;241.1;629.1;442.9
1990;Finlandia;887;7930.9;957.7;5068.2;3522
1991;Finlandia;828.8;7792.6;1035.7;5080.6;3221.2
1992;Finlandia;738;7626.4;1078.1;5138.3;3262.9
1993;Finlandia;746.1;7205.5;1038;5354;3545.7
1994;Finlandia;729.4;7518.5;1165.7;5593.5;3737.7
1995;Finlandia;677.8;7373.3;1002.1;5607.7;3944
1996;Finlandia;349.5;7139;1001.5;5718.1;3971.4
1997;Finlandia;320.8;7148.5;954.6;6061.2;4311.9
1998;Finlandia;373.7;7338.7;1231.3;6262.5;4465.5
1999;Finlandia;378.8;7231.5;1179.1;6385.4;4550.8
2000;Finlandia;346;7224.9;908.7;6507.7;4479.4
2001;Finlandia;311.9;7495.4;929.5;6654;4336.3
2002;Finlandia;301;7417.1;866.9;6851.6;4490.1
2003;Finlandia;288.1;7594.5;856.2;6953.4;4451.5
2004;Finlandia;304;7555.1;864;7146.9;4616.2
2005;Finlandia;305.4;7403.6;834.1;6943.4;4234.7
2006;Finlandia;249.2;7371;883.6;7397.8;4730.9
2007;Finlandia;237.2;7443.8;901.6;7402.1;4767.1
2008;Finlandia;241.3;6962.9;826.4;7099.1;4726.2
2009;Finlandia;182.7;6565.9;705.9;6628.5;4262.3
2010;Finlandia;221.2;6934.5;791.9;7180.1;4835.7
2011;Finlandia;211.9;6627.9;750.3;6888.6;4732.2
2012;Finlandia;105.7;6559;701.9;6941.1;4926.6
2013;Finlandia;106.2;6444.4;704.4;6875.4;4962.4
2014;Finlandia;104;6024.6;670.8;6805.8;5411.8
2015;Finlandia;108.9;5954.4;614.4;6749.5;5383.2
2016;Finlandia;138.8;6385.6;592.7;6960.7;5412.8
2017;Finlandia;135.6;6092.9;625.2;6968.1;6379.2
2018;Finlandia;128.1;6207.3;600;7116.9;6599.4
2019;Finlandia;117.8;5759.6;692.3;7020.6;6763.3
1990;Francia;5045.3;64546.2;22019;25987.1;9797.4
1991;Francia;5042.9;67148.1;25193.7;27632.2;11326
1992;Francia;4686.1;67342.1;25429.7;28403;10991.8
1993;Francia;3803.3;67327.3;25537.5;28598.3;10589.4
1994;Francia;3324.8;65649.1;25322.5;29019.2;9549
1995;Francia;3026.1;65975.2;25862.7;29479.8;9822.1
1996;Francia;3322.1;67498.7;28708.2;30596.2;10606.3
1997;Francia;2965;66599.3;28297.2;30563.9;9719.5
1998;Francia;2680.5;68929.3;29046.9;31593.9;9700.2
1999;Francia;2361.4;68717.3;30325.6;32240.7;9235.2
2000;Francia;2306.8;67510.4;29825.2;33095.7;8972.3
2001;Francia;2130.8;70478.9;30842.4;34030.7;9118.2
2002;Francia;1701.3;68413.4;30555.9;33833.7;8657.3
2003;Francia;1756.7;67315;32159.9;35116.1;9186
2004;Francia;1782.3;67164.2;32758.3;36127.3;9405.1
2005;Francia;2004;65424.8;33344;36351.8;9396.3
2006;Francia;1926.6;64289.9;32447.3;36708.9;8708
2007;Francia;2134.4;61642.6;30874.4;36630.7;9489.8
2008;Francia;2032.7;60800.5;31883.7;37208.6;10997.8
2009;Francia;1625.8;59524.3;30030.5;35937.7;11780.6
2010;Francia;1752.2;58378.4;32006.5;38184.8;12948.2
2011;Francia;1230.1;58610.7;30092.4;36499.8;11287.5
2012;Francia;1356;58181.5;32011.2;38159.7;12924.4
2013;Francia;1164;58051.2;33258;38772;13959.3
2014;Francia;1080.8;56380.4;27929.3;36578;12543.4
2015;Francia;1130.1;56880.6;28656.9;37406;13321.5
2016;Francia;1093.7;55954.5;30062.3;38069.1;14302.1
2017;Francia;1144.7;55854.1;29262.6;37778.6;14344.9
2018;Francia;1175.5;54400.5;28966.6;37584;14440.6
2019;Francia;968.6;53972.7;28278.9;37140.8;14836.7
1990;Grecia;1086.6;9386.6;0;2448.1;952.4
1991;Grecia;1124.8;9681.5;0;2522.1;963
1992;Grecia;1032.3;9709.4;0;2639.8;970.4
1993;Grecia;1069.6;9618.6;0;2680.9;976.5
1994;Grecia;1042;9681.5;0;2812;976
1995;Grecia;1035.8;9995.8;0;2931;982.1
1996;Grecia;1009.6;11023.4;3.5;3058;996.9
1997;Grecia;943.5;11393.7;33.2;3199.7;1032.1
1998;Grecia;946.4;11970.5;142.2;3380.2;1036.6
1999;Grecia;752.4;11819.4;201.4;3492.4;1043.3
2000;Grecia;877.7;11937.1;257.2;3710.3;1103.8
2001;Grecia;892.6;12409.5;318.3;3829.9;1100.7
2002;Grecia;697.5;12743.2;347.7;4006.8;1112.9
2003;Grecia;602.7;13655.6;387;4181;1081.4
2004;Grecia;559.1;13259.3;462.4;4276.7;1106
2005;Grecia;442.6;13633.9;586.2;4377;1136.5
2006;Grecia;400.9;13840.7;688.1;4516.2;1170
2007;Grecia;533.5;13752.2;707.8;4745.5;1340.4
2008;Grecia;396.1;13056;810.9;4870.7;1241.8
2009;Grecia;171.6;12801.7;824;4704.5;1181.5
2010;Grecia;301.5;11427.6;781.6;4567.5;1249.3
2011;Grecia;216.6;10925;1082.9;4453.5;1453.5
2012;Grecia;227.2;9112.1;971.4;4472.7;1574.4
2013;Grecia;212.4;7928.9;907.6;4195.3;1382.7
2014;Grecia;232.4;8031.9;834.6;4256.2;1399.5
2015;Grecia;224.4;8567;968.8;4366.9;1499.4
2016;Grecia;198.6;8616.2;1047.5;4588.4;1350
2017;Grecia;195.7;8329.2;846.6;4640.5;1657.7
2018;Grecia;281.6;8088.2;811.6;4253.7;1682
2019;Grecia;200.9;8237.3;896.5;4316.2;1701.1
1990;Hungría;2020.1;5989.9;5647.9;2716.5;703.7
1991;Hungría;2082.7;5098.8;5729.2;2538.6;735.9
1992;Hungría;1135.1;4904.2;4924.8;2436.1;745.6
1993;Hungría;1014.6;4410.1;5610.6;2339.1;767.8
1994;Hungría;930.2;4361.7;5621.3;2371.8;770.9
1995;Hungría;734.9;4019;6102.8;2385.6;813.3
1996;Hungría;648;3867.2;6845.3;2466.4;793.8
1997;Hungría;542.5;3733.2;6431.7;2479.6;776.2
1998;Hungría;379.5;3933.7;6394.3;2491.3;779.4
1999;Hungría;460.2;4091.1;6440.6;2488.3;785.9
2000;Hungría;402.9;3982.3;6365.6;2531.5;774.3
2001;Hungría;424.8;3987;7009;2626.4;808.5
2002;Hungría;443.5;4179.9;6987.7;2707.2;820.9
2003;Hungría;460.6;4311.2;7509.1;2699.6;825
2004;Hungría;472.1;4366;7429;2735.9;702.1
2005;Hungría;467.6;4629.2;7687.9;2780.6;1157.5
2006;Hungría;449.7;4850;7065.9;2858;1264.8
2007;Hungría;358.5;4844.6;6076.2;2901.5;1360.7
2008;Hungría;375.9;4802.7;6116;2951.6;1311.7
2009;Hungría;231.8;4709.1;5765.2;2850.4;1773.9
2010;Hungría;237.4;4359.8;6095.7;2941.3;1974.5
2011;Hungría;261.7;4433.7;5842.7;2969.9;2213.3
2012;Hungría;229;4192.6;5060.2;3009.8;2353.3
2013;Hungría;184.6;4155.8;5333.7;2998.5;2426.1
2014;Hungría;161.7;4550;5002.2;2986.8;2073.9
2015;Hungría;175.8;4963.5;5293.4;3120.5;2176.2
2016;Hungría;200.3;5022.5;5571.9;3194.5;2156.5
2017;Hungría;283.7;5300.7;5709.4;3309.8;2094.5
2018;Hungría;223.5;5659.9;5570.1;3389.3;1887.3
2019;Hungría;181.7;5878.5;5486.7;3466.6;1846.2
1990;Irlanda;943.1;3594.7;568.5;1020.5;107.8
1991;Irlanda;928.9;3710.8;650.2;1071.8;103.6
1992;Irlanda;609.6;3874.4;666.7;1135.6;91.8
1993;Irlanda;621.1;3893.3;762.3;1165.3;93.5
1994;Irlanda;390.2;4376.2;770.9;1217;93.4
1995;Irlanda;318.3;4498.2;795.6;1277;91.9
1996;Irlanda;460.5;4673;869.7;1363.1;98.2
1997;Irlanda;345.6;4987.5;871;1437.3;96.3
1998;Irlanda;375.1;5457.5;963.9;1521.8;117.1
1999;Irlanda;307;6018;1035.8;1621.2;109.8
2000;Irlanda;358.4;6464.4;1200.5;1744.5;117.6
2001;Irlanda;359.1;6704.6;1234.2;1807.7;129.9
2002;Irlanda;341.8;6691.6;1197;1871.7;130.2
2003;Irlanda;422.6;6800;1277.3;1980.4;127.3
2004;Irlanda;438.1;7014.6;1350.4;1982.5;148.8
2005;Irlanda;469.5;7410.4;1366.3;2093.9;188.2
2006;Irlanda;408.9;7723.7;1466.6;2225.1;196.7
2007;Irlanda;409.1;7566.4;1449.4;2223.8;218.2
2008;Irlanda;406.6;7469.7;1554.7;2293.6;247.1
2009;Irlanda;353.1;6673.4;1458.4;2172.8;282.2
2010;Irlanda;353.7;6439.2;1586.3;2184;310.9
2011;Irlanda;316.7;5900.4;1502.7;2138.8;268.1
2012;Irlanda;328;5583.2;1621.1;2135;274
2013;Irlanda;344.7;5549.9;1628.1;2137.7;301.7
2014;Irlanda;336;5470.1;1615.9;2133.7;352.4
2015;Irlanda;332.2;5605.4;1711.5;2217.4;358.8
2016;Irlanda;299.9;5881.8;1790.2;2268;390.4
2017;Irlanda;294.9;5773.3;1817.5;2290.3;461.4
2018;Irlanda;325.7;5991;1957.7;2397;464.7
2019;Irlanda;234.4;5921.8;1968.5;2444;487.7
1990;Italia;2677.8;52703.8;28725.3;18454.6;929.8
1991;Italia;2458.4;52268.4;31454.6;18868.2;1068.3
1992;Italia;2582.1;52254.8;31002.1;19216.3;1241.7
1993;Italia;2157;52067.7;31967.1;19291.7;1174.5
1994;Italia;2107;50463.7;30999;19909.9;1368.3
1995;Italia;1959.3;52101.7;33657.2;20487.7;1362
1996;Italia;1829.4;52185.2;34726.4;20696;1314.7
1997;Italia;1846.3;52615;34417.9;21341.8;1438.7
1998;Italia;1731.3;53835.4;36219;21939.8;1499.8
1999;Italia;1757.2;56103.5;37665.4;22479.2;1591
2000;Italia;1545.9;55011;37611.4;23471.6;1739.6
2001;Italia;1403.2;55054.5;38749.4;23880;1806.5
2002;Italia;1254.4;55605.5;37839.7;24312.2;2628.9
2003;Italia;1323.3;56468.3;40963.5;25059;3955.3
2004;Italia;1105.8;56589.2;38975.1;25411.1;2956.1
2005;Italia;1333.1;56007.7;40590.3;25871;4543.4
2006;Italia;1064.5;55182.2;38457.8;26550;5328.2
2007;Italia;1493.4;54477.8;36226.3;26596.6;7108.4
2008;Italia;1375.5;52270.9;36625.8;26596.5;8972.7
2009;Italia;570.3;47943.4;36070.8;24936.9;9230.3
2010;Italia;623.3;45566.1;38499.4;25736.3;9073
2011;Italia;990;45058.9;35534.5;25952.5;6537.7
2012;Italia;953.2;42133.4;35450.4;25515.2;8587.7
2013;Italia;704.4;40769;35222.3;24711.8;8498.2
2014;Italia;739.9;41248.9;30902.7;24204.5;7453.3
2015;Italia;539.5;41171.8;32983.8;24719.1;8364.7
2016;Italia;688;40531.7;33237;24593.9;8042.8
2017;Italia;489.3;38265.1;33921.5;25104.5;11312.7
2018;Italia;623.3;39398;33628.6;25200.4;10960
2019;Italia;595.1;38919.9;33042.6;25101.7;10912.2
1990;Letonia;284.2;1992.2;697.8;715.4;615.6
1991;Letonia;281.2;1856.9;648.6;689;727.9
1992;Letonia;161.5;1524.9;590.8;545.5;720.7
1993;Letonia;188.6;1514;435.4;406.8;798.2
1994;Letonia;238.8;1282.9;345.4;378.5;815.3
1995;Letonia;119.9;1133.7;366.4;383.9;881.1
1996;Letonia;115.8;1066.2;365.8;355.5;907.7
1997;Letonia;113.6;1102.7;331.6;360.4;871.4
1998;Letonia;91.2;1043.8;340.3;387.4;878.1
1999;Letonia;80.3;1018.7;318.8;383.6;878.1
2000;Letonia;60.6;1030;328.8;385;824
2001;Letonia;81;1123.3;389.7;394.1;915
2002;Letonia;66.9;1133.6;447.1;419.8;891.3
2003;Letonia;59.6;1204.6;456.3;447.2;935.1
2004;Letonia;58.3;1249.5;491.9;464.7;990.9
2005;Letonia;73.4;1264.3;507.9;492.6;1013.6
2006;Letonia;80.2;1399.5;513.5;528.2;1015.4
2007;Letonia;93.4;1523.2;523;568;993.2
2008;Letonia;91.5;1417.7;501.2;569.9;935.9
2009;Letonia;70.8;1280;432.2;524.8;1096.9
2010;Letonia;93.4;1327.8;497.7;534.4;945.1
2011;Letonia;97.1;1185.3;396.8;532.3;986.3
2012;Letonia;77.2;1162.3;402.4;588.8;1086.3
2013;Letonia;58.8;1174.2;343.6;565.4;1018.5
2014;Letonia;53.1;1214.2;326.7;566;1045.2
2015;Letonia;42.3;1265.7;316.5;555.5;940.8
2016;Letonia;35.2;1272.9;321.3;557.4;892.1
2017;Letonia;36.7;1340.1;328;557.6;981.7
2018;Letonia;41.6;1345.9;344.5;572.8;1072.2
2019;Letonia;35.8;1334.5;323.6;572;1037.8
1990;Lituania;738;3924.3;1483.4;1032.9;272
1991;Lituania;839.4;3985;1679.2;1022.4;261.2
1992;Lituania;361.8;2211.8;991.6;788.7;263.3
1993;Lituania;322.8;1793;531.5;575.4;403.7
1994;Lituania;270.6;1568.7;528.4;559.8;428.2
1995;Lituania;211.2;1626.5;509.9;546.4;447.9
1996;Lituania;196.2;1621.3;458.1;561;489.9
1997;Lituania;155;1711.8;449.7;579.2;497.9
1998;Lituania;132.5;1730.5;421.7;580.7;546.5
1999;Lituania;105.9;1509.1;351;562.6;576.3
2000;Lituania;73.1;1332.8;363.1;532.8;605.3
2001;Lituania;63;1385.3;394.4;554.3;633.2
2002;Lituania;115.1;1380;428.1;578.1;658.6
2003;Lituania;150.8;1360.6;439.9;617.3;679.5
2004;Lituania;146.4;1481.6;488.5;657.8;685
2005;Lituania;161.7;1570.3;589.1;685.9;698.1
2006;Lituania;226.4;1631.2;613.7;725;722.8
2007;Lituania;216.9;1852.1;647.2;761.7;734.6
2008;Lituania;185;1829.4;622.4;777.7;759
2009;Lituania;141.9;1523.6;573.6;719.8;744
2010;Lituania;178.1;1563.9;618.8;716.4;737.4
2011;Lituania;207;1558.5;603.8;737.7;727.1
2012;Lituania;197.3;1567.2;618;767.1;754.6
2013;Lituania;224.7;1555.3;552;770;732.6
2014;Lituania;194.1;1719;522;794.2;705.5
2015;Lituania;157.9;1785.7;518.9;803.3;696.7
2016;Lituania;157.5;1911.9;551.3;838.3;688
2017;Lituania;161.6;2004.7;569.8;864.9;693.2
2018;Lituania;171.2;2121.2;596.9;894.1;743.9
2019;Lituania;167.5;2207.5;584.1;906.4;723.3
1990;Luxemburgo;322.8;1446.2;419.9;356.8;0
1991;Luxemburgo;290.8;1703.4;438;362.1;0
1992;Luxemburgo;263.4;1752.9;456.2;363.8;15.4
1993;Luxemburgo;294.5;1758;474.4;377;15.4
1994;Luxemburgo;263;1729.6;472.6;399.3;15.4
1995;Luxemburgo;156.9;1556.9;514.4;429.6;15.4
1996;Luxemburgo;169.3;1604.8;564;421.9;15.4
1997;Luxemburgo;131.9;1648.9;583.4;434.8;15.4
1998;Luxemburgo;94.9;1701.6;589.8;455;15.5
1999;Luxemburgo;96.1;1786.1;610.9;472.5;15.5
2000;Luxemburgo;109.7;1939.8;604.6;496.6;15.7
2001;Luxemburgo;118.1;2059.3;601.9;502.4;17.4
2002;Luxemburgo;73.7;2086.9;607.4;507.8;16.7
2003;Luxemburgo;56.6;2255.9;616.4;531.5;18.5
2004;Luxemburgo;79.5;2577.5;643.7;549.5;21.8
2005;Luxemburgo;77.6;2676.2;630.7;529;42.2
2006;Luxemburgo;92.6;2548.9;658.3;568.6;43.2
2007;Luxemburgo;78.3;2443.6;641.1;575.6;94.3
2008;Luxemburgo;74.9;2463.7;658.1;567.3;96.9
2009;Luxemburgo;66.9;2292.2;616.1;525.6;91.2
2010;Luxemburgo;67;2408.2;675.2;566.9;95.1
2011;Luxemburgo;58.4;2494;600.7;557.5;93.1
2012;Luxemburgo;53.7;2417.2;611.2;536.2;96.5
2013;Luxemburgo;47.9;2372.4;601.2;533;106
2014;Luxemburgo;53.4;2242.4;574.5;531.6;126.6
2015;Luxemburgo;49.1;2146.5;602.2;535.2;139.2
2016;Luxemburgo;52.4;2090.1;632.9;547.5;149.7
2017;Luxemburgo;45.3;2147.4;623.6;549.8;166.2
2018;Luxemburgo;42.1;2261.6;623.2;555.4;172.2
2019;Luxemburgo;42.6;2309.8;623.2;550;161
1990;Malta;0;184.6;0;78.2;0
1991;Malta;0;204.3;0;103.5;0
1992;Malta;0;212.8;0;108;0
1993;Malta;0;235.9;0;109.2;0
1994;Malta;0;235.9;0;104.5;0
1995;Malta;0;271.9;0;108.3;0
1996;Malta;0;234.6;0;115.1;0
1997;Malta;0;293.4;0;116.9;0
1998;Malta;0;253.5;0;120.6;0
1999;Malta;16.6;241.1;0;130.4;0
2000;Malta;0;184.6;0;134.7;0
2001;Malta;0;174.2;0;134.9;0
2002;Malta;0;132.5;0;142.5;0.2
2003;Malta;0;161.1;0;155.3;0.3
2004;Malta;0;187.5;0;153.9;0.4
2005;Malta;0;215.7;0;159.8;0.5
2006;Malta;0;217;0;159.3;0.6
2007;Malta;0;226.9;0;159.2;0.8
2008;Malta;0;244.4;0;159.3;0.9
2009;Malta;0;214.8;0;146.8;0.9
2010;Malta;0;239.7;0;156.8;4.9
2011;Malta;0;221.1;0;160.4;6.8
2012;Malta;0;230.9;0;167.3;8.8
2013;Malta;0;242.4;0;167.7;11
2014;Malta;0;249.5;0;172.4;13.8
2015;Malta;0;267;0;181.8;13.4
2016;Malta;0;263.1;0;182;13.5
2017;Malta;0;269.2;0;199.2;24
2018;Malta;0;281.1;0;205.2;28.5
2019;Malta;0;301.3;0;214.4;31.9
1990;Países Bajos;419.6;12992.5;21439.6;6146.4;399.6
1991;Países Bajos;349.4;12790.5;23896.1;6314.2;403.5
1992;Países Bajos;261.3;13185.5;22693;6451.7;409.5
1993;Países Bajos;293.2;13599.8;23281.2;6556.2;418.6
1994;Países Bajos;122.1;13297.4;22005.4;6831.3;427.1
1995;Países Bajos;103.7;13223.5;22773.1;6917.2;437.1
1996;Países Bajos;98.3;13838.9;25649.2;7201.6;454.7
1997;Países Bajos;122.6;13526.2;22184.7;7485.3;469.1
1998;Países Bajos;114.6;13592.6;21393.6;7745.4;476
1999;Países Bajos;125.3;14165.8;20717.5;7939.8;485.6
2000;Países Bajos;101.7;13966.7;20655.1;8175.2;492.4
2001;Países Bajos;97.4;14223.8;21045.5;8334;505.3
2002;Países Bajos;94.9;14633.9;20254.2;8473.1;509.1
2003;Países Bajos;79.1;14890.5;20605.6;8605.3;524.6
2004;Países Bajos;67.4;14921.7;20636.9;8817.4;573.9
2005;Países Bajos;67;14906.6;20020.6;8977.2;601.8
2006;Países Bajos;80;15713.7;19418.3;9086.8;711.2
2007;Países Bajos;124.4;15671.2;18005.1;9274.2;1025.9
2008;Países Bajos;113.4;15390.7;19190.2;9331.9;1026.7
2009;Países Bajos;105;14792.9;18749.4;9006.4;1143.3
2010;Países Bajos;114.7;15271.4;21563.2;9264.8;1019.5
2011;Países Bajos;105.9;14868.7;18076.3;9275.8;1119.9
2012;Países Bajos;109.9;14634.5;18973.9;8971.1;1158.9
2013;Países Bajos;81.8;14224.6;19497.1;8999.8;1184.4
2014;Países Bajos;81.7;13460.7;16006.5;8744.6;1314.8
2015;Países Bajos;76.9;13711.1;16897;8955.4;1297.2
2016;Países Bajos;90.4;14043.3;17444.7;9059.2;1266.7
2017;Países Bajos;104.6;14122.8;17381.5;9169.4;1411.8
2018;Países Bajos;101;14375.8;17185.2;9345.3;1762.7
2019;Países Bajos;83.1;13977.2;16588.3;9419.9;1988.6
1990;Polonia;14916;8908.9;5767.4;8274.7;1109.3
1991;Polonia;17465.3;9093;5359.2;7686.8;889.4
1992;Polonia;17429.9;9458.9;5328.5;7366;953.5
1993;Polonia;20450.3;10103.9;5584;7442.9;3468.4
1994;Polonia;18295.2;10728.5;5805.1;7336.5;3348.1
1995;Polonia;20855.4;11354.6;6063.7;7712;3725.9
1996;Polonia;22430.3;12953.1;6110.7;8160.2;3635.6
1997;Polonia;19801.7;14415.3;6576.4;8303.8;3616.6
1998;Polonia;15544.7;15072.7;6376.3;8319.3;3624.2
1999;Polonia;14529.1;15976.8;6230.5;8220.2;3477
2000;Polonia;11853.9;15211.9;6323.2;8432.8;3525.9
2001;Polonia;11444.7;14995.2;6765.1;8446.1;3738.2
2002;Polonia;11752.2;14759.1;6860.1;8336.7;3810.3
2003;Polonia;11067.1;15882.3;7217.9;8658.9;3834.7
2004;Polonia;11282.7;17020.3;7595.1;8959;3903.7
2005;Polonia;11492.3;17568.4;7917.1;9028.8;3856.5
2006;Polonia;12300.3;18125.9;8112.6;9512.8;3975.9
2007;Polonia;11525.9;19078.1;8137.4;9810.1;3938.2
2008;Polonia;11962.9;19404.3;8226.7;10076.4;4341.8
2009;Polonia;11746.3;19516.7;8254.3;9656.5;4616.6
2010;Polonia;13163.6;20218.1;8884.1;10205.5;5289.9
2011;Polonia;12117.4;20153;8537;10446.4;5555.6
2012;Polonia;12367.3;19223.3;8762.2;10504.6;5467.9
2013;Polonia;11914.2;18039.6;8883.7;10624;5714.7
2014;Polonia;11146.3;17979.2;8347.9;10777.9;5414.5
2015;Polonia;10730.7;18645.5;8489.6;10990.4;5569.7
2016;Polonia;11095.6;20944.2;9225.5;11422.1;5680.8
2017;Polonia;11274.9;24134.6;9185.5;11675.7;5951.4
2018;Polonia;10708.1;24843.2;9268.4;12078.1;6251.5
2019;Polonia;9044.4;25426.8;9323.2;12073.2;6418.5
1990;Portugal;538.5;6359.8;0;2024.4;2338.4
1991;Portugal;557.1;6699.2;0;2138.1;2315.7
1992;Portugal;516.8;7055.6;0;2205.8;2302.3
1993;Portugal;494.5;7196.5;0;2234.1;2305.1
1994;Portugal;504.8;7651.2;0;2317.7;2339.9
1995;Portugal;436.1;7773.7;0;2476.7;2415.6
1996;Portugal;483;8466.7;0;2599.2;2340
1997;Portugal;373.3;8884.9;43.9;2746.3;2409
1998;Portugal;337.2;9587.6;234.2;2910.2;2403.2
1999;Portugal;328.4;9738.8;489.3;3105.8;2421.9
2000;Portugal;388.8;10084.5;790.5;3299.5;2433.8
2001;Portugal;185.1;10285;1039.8;3434;2425.1
2002;Portugal;176.9;10440.1;1183.2;3566;2484.3
2003;Portugal;137.8;10187;1206.1;3711.4;2491.4
2004;Portugal;86.5;10240.9;1280.5;3840.8;2501.6
2005;Portugal;16.8;10060.2;1307.3;3983;2528.6
2006;Portugal;26.9;9482.7;1339.3;4106.9;2617.8
2007;Portugal;167.5;9194.3;1439.8;4215.3;2724.1
2008;Portugal;71;8817.9;1445.2;4157.5;2724.8
2009;Portugal;22.6;8687.9;1437.9;4114.8;2803.3
2010;Portugal;50.2;8446.3;1564.4;4289.6;2526.8
2011;Portugal;20.2;7678.3;1643.8;4158.6;2529.9
2012;Portugal;20;6937.2;1614.9;3976;2155.6
2013;Portugal;18.5;6792.7;1566.7;3891.4;2216.7
2014;Portugal;13.9;6855.3;1547.7;3886.1;2727.3
2015;Portugal;13;6900.1;1614.7;3939.1;2784.5
2016;Portugal;12.7;6928.3;1635.5;3989.1;2773.3
2017;Portugal;11;7061.7;1740.8;4010.4;2775.6
2018;Portugal;10.2;7079.6;1803.9;4123.7;2817.7
2019;Portugal;10.8;7173.4;1814.9;4116.9;2904
1990;República Checa;10914;6467.1;4243.9;4142.5;1033
1991;República Checa;9319.4;5645.9;3976.7;3823.4;1043.8
1992;República Checa;7777.9;6064.4;4476.1;3730.4;1543.4
1993;República Checa;6999.2;5845;4574.1;3699.3;1447.3
1994;República Checa;5692.6;5504.1;4575.4;3866.6;1339.7
1995;República Checa;5028;4912.9;5147;4134.3;1122.7
1996;República Checa;4487.5;4918.3;5780.4;4323.6;1136.5
1997;República Checa;4161.8;4958.2;6104.7;4267.8;1201.8
1998;República Checa;3237.1;5413.9;6189.2;4202.5;1235.9
1999;República Checa;3076.8;5215.3;6125.1;4137.7;1237.5
2000;República Checa;4208.9;5165.6;5915.4;4246;1199
2001;República Checa;3406.1;5462.1;6450;4375;1299.2
2002;República Checa;3170.2;5491.6;6191.5;4370;1478.3
2003;República Checa;3434.6;5983;6319.1;4506.2;1458.8
2004;República Checa;3322.3;6322.1;6210.5;4501.6;1521.1
2005;República Checa;2869.5;6499.8;6184.4;4608.9;1652.8
2006;República Checa;3029.7;6575.8;6147.5;4748.5;1742.8
2007;República Checa;2438.1;6861.9;5876.6;4760.6;1824.1
2008;República Checa;2304.6;6765.2;5846;4826.8;1959.2
2009;República Checa;2509.2;6546.6;5439.1;4567.8;2152.6
2010;República Checa;1886.7;6267.6;6088.4;4662.3;2293.6
2011;República Checa;1835.6;6168.3;5508.4;4613.2;2417.2
2012;República Checa;1895.4;6057.4;5386.9;4633.2;2527
2013;República Checa;1852.2;5893.4;5367;4575.8;2679.4
2014;República Checa;1593.5;6153.8;4806.8;4575.8;2779
2015;República Checa;1568.2;6420.3;5024.2;4684.2;2833.2
2016;República Checa;1558.1;6484.7;5284;4802.4;2905.9
2017;República Checa;1749.9;6634.3;5529.4;4936.1;2931.4
2018;República Checa;1657.3;6700.6;5166.2;4995.9;2996.4
2019;República Checa;1407.8;6745.7;5187.3;5024.9;3242.4
1990;Rumania;1852.5;8000.5;19854;4663.5;588.6
1991;Rumania;1412;7556;14973.7;3922.4;692.4
1992;Rumania;1004.6;6107.8;5302;3561;595
1993;Rumania;646.7;4765.5;5522.7;3135.3;843.9
1994;Rumania;474.9;5511.7;8408.9;2940.6;1138.1
1995;Rumania;475.2;5523.4;9487.2;3125.9;1281.6
1996;Rumania;475.7;6777;9007;3415.9;2485.5
1997;Rumania;582;7132.1;7650.1;3304.3;3305.7
1998;Rumania;411.2;6576;6355.9;3146.6;2965.3
1999;Rumania;354;4967.4;6341.4;2916.9;2810
2000;Rumania;338;5406;6475.8;2918.2;2741.6
2001;Rumania;206.2;6240.8;6849.2;3120.7;2123.3
2002;Rumania;235.7;6428.2;6958;3059.9;2275.7
2003;Rumania;297.7;6203.6;7629.2;3224.5;2838.8
2004;Rumania;492.7;6710.3;7378.1;3334.1;3059.2
2005;Rumania;593.7;6514.6;7186.4;3341.3;3184.1
2006;Rumania;614;6271.7;7721;3522.4;3056.4
2007;Rumania;504.6;6956.2;6542.7;3523.1;3272.4
2008;Rumania;602.7;6800.1;6832.9;3595.3;3908.7
2009;Rumania;464.5;6438.1;5873;3233.6;3921.9
2010;Rumania;534.6;6027.3;6016.8;3552.6;4047.1
2011;Rumania;789;6538.2;6101.8;3672.7;3650.3
2012;Rumania;766.2;6697.2;5977.4;3644.5;3824.7
2013;Rumania;689.5;6401.6;5681.1;3493.4;3708
2014;Rumania;668.4;6590;5466.2;3603.2;3623.8
2015;Rumania;776.9;6768.4;5299.3;3699.9;3533.4
2016;Rumania;729.2;7068.6;5203.9;3719.4;3683.7
2017;Rumania;627.8;7571.6;5640.4;3843.4;3778.6
2018;Rumania;617.2;7876.3;5755.4;3918;3700.1
2019;Rumania;659.7;8258;5626.2;3918.6;3831.6
1990;Suecia;654.5;12246.3;334.4;10348;4634.2
1991;Suecia;563.8;12195.3;311.6;10491.6;4772.5
1992;Suecia;485.9;13107;299.5;10322.1;4555.1
1993;Suecia;571;12819.7;347.7;10415.3;4690.4
1994;Suecia;463.2;13325.8;349.8;10530.4;4648.2
1995;Suecia;495.4;13334.9;368.9;10710.7;5073.9
1996;Suecia;475.4;13647.5;406.3;10834.4;5187.1
1997;Suecia;496.8;13232;395.7;10779.1;5413.4
1998;Suecia;444.2;13330.2;426.8;10871.8;5403.8
1999;Suecia;378.1;13462.8;451;10883.9;4717.8
2000;Suecia;502.9;12575.9;443.3;11068.4;5294.2
2001;Suecia;397.7;12038;492.3;11375.3;4466.7
2002;Suecia;419.2;11960.9;459.1;11257.7;4457.4
2003;Suecia;393.4;11787.4;496.9;11130.1;4450.4
2004;Suecia;433.2;11344.5;519.1;11209;4484.7
2005;Suecia;443.2;10622.6;509.3;11238;4462.6
2006;Suecia;429.7;10251.8;522.9;11247.3;4841.2
2007;Suecia;425.5;10142.4;541.6;11271;5093.4
2008;Suecia;420.6;9823.5;477;11061.8;5036
2009;Suecia;316;9277.4;451.5;10609.3;5201.8
2010;Suecia;369.7;9498.7;557.2;11282.6;5442.1
2011;Suecia;415.9;9128.9;566.7;10716.1;6947.1
2012;Suecia;402.1;8629;594.4;10944.6;7060.3
2013;Suecia;369.1;8289.8;496.4;10749.4;7127.4
2014;Suecia;368.7;7970;528.7;10506.5;7202.7
2015;Suecia;390.7;7897.7;568.4;10735.9;7548.1
2016;Suecia;372.3;7623.6;460.5;10962.7;8002.8
2017;Suecia;374.3;7436.9;355.7;10941.9;8206.7
2018;Suecia;370.8;7142.9;465;10968.4;8240.3
2019;Suecia;345.1;7059.4;475.2;10710.1;8240.5
1990;Islandia;64.2;533.6;0;336.2;65.7
1991;Islandia;65.2;522.6;0;330.8;66.8
1992;Islandia;46.1;558.8;0;330.2;69.2
1993;Islandia;45.1;573.8;0;348.5;70.6
1994;Islandia;67.3;578.9;0;358.7;71.9
1995;Islandia;55;565.3;0;366.2;75.3
1996;Islandia;64;639.7;0;369.4;73.8
1997;Islandia;56.1;611.2;0;405.2;76.6
1998;Islandia;66;591.7;0;473;77.1
1999;Islandia;57.4;586.2;0;548.8;78.3
2000;Islandia;97.6;575.1;0;594.2;81.5
2001;Islandia;92.4;563.5;0;620.1;86.6
2002;Islandia;96.2;590.2;0;648.7;89
2003;Islandia;90.7;594;0;648.4;89
2004;Islandia;102.8;601;0;667.2;91.6
2005;Islandia;99.4;589.5;0;670.6;93.5
2006;Islandia;88.9;618.4;0;773.7;95.3
2007;Islandia;106.5;612.2;0;936;97.1
2008;Islandia;93.4;568.7;0;1310.5;102
2009;Islandia;85.4;567.1;0;1346.4;103.7
2010;Islandia;90.1;517;0;1350.6;101.6
2011;Islandia;90.7;490.3;0;1376.6;106.5
2012;Islandia;92.6;483.5;0;1406.4;107.2
2013;Islandia;97.6;530;0;1446.5;97.7
2014;Islandia;86.7;544.3;0;1447.1;98.6
2015;Islandia;93;545.1;0;1502.2;107.6
2016;Islandia;0;536.7;0;1487.8;110.5
2017;Islandia;0;549.7;0;1538.4;117.3
2018;Islandia;0;558.7;0;1589.6;125
2019;Islandia;0;538.7;0;1567.2;98.7
1990;Noruega;750.4;5554.5;0;8324;898
1991;Noruega;658.8;5309.2;0;8512.9;840
1992;Noruega;670.3;5157.3;0;8545.4;828.2
1993;Noruega;670.3;5353.8;0;8668.4;907.3
1994;Noruega;761.2;5531.3;0;8753.6;988.2
1995;Noruega;832.7;5668.9;0;8922.3;987.4
1996;Noruega;834.1;6205.9;0;8868.8;958.3
1997;Noruega;812.5;6038.3;0;8933.5;1023.7
1998;Noruega;855.5;6191.5;0;9410.1;1127.5
1999;Noruega;851.3;6352;0;9395.3;1340.7
2000;Noruega;852.9;5866.9;176.2;9418.1;1194.7
2001;Noruega;764.7;6120.7;179.8;9646.3;1025.2
2002;Noruega;643.7;6199.3;137.7;9382;1088.5
2003;Noruega;635;6731.8;182.2;8869.6;1081.9
2004;Noruega;712.5;6687.3;213.1;9279;1152
2005;Noruega;594.6;6491.1;220.4;9520.8;1249.1
2006;Noruega;485.8;6783.7;237.6;9234.7;1254.2
2007;Noruega;556.9;6762;256;9514.2;1297.3
2008;Noruega;579.8;6531.8;297.3;9632.1;1436.1
2009;Noruega;409;6473.4;299.4;9225;1466.2
2010;Noruega;495.5;6783.6;319.1;9732.2;1764.2
2011;Noruega;444.5;6487.6;338.9;9256.1;1798
2012;Noruega;474.1;6406.2;411.2;9485.5;1745
2013;Noruega;470.5;6321.5;419.4;9544.2;1654.5
2014;Noruega;465.9;6171.1;416.5;9336.4;1483.1
2015;Noruega;465;5999.6;426.9;9550.9;1578.9
2016;Noruega;521.2;5864.3;408.4;9771.7;1790.6
2017;Noruega;498.8;5463.6;431.2;9776.1;2006.4
2018;Noruega;462.8;5608.9;431.8;9966.2;1938.4
2019;Noruega;490.8;5435.1;444;9941.9;2146.3
1990;Reino Unido;8698.9;52339.4;40231.7;23596.9;397.6
1991;Reino Unido;8943.6;53286.7;44307.3;24165.8;408.5
1992;Reino Unido;8529.9;52745.9;42930.8;24202;608.2
1993;Reino Unido;8180.9;53886.6;43801.6;24602.8;587.1
1994;Reino Unido;7491.9;54094.4;44050.6;24442.3;824.4
1995;Reino Unido;5938.9;52849.9;45495.4;25341.5;869.5
1996;Reino Unido;5442.5;54515.1;50882.1;26600.7;879.7
1997;Reino Unido;5096.5;53635.5;48745.4;26758;864.1
1998;Reino Unido;4705.6;53081;50270.2;27143.4;750.3
1999;Reino Unido;4461.9;53596.6;49633;27751;583.5
2000;Reino Unido;3726.1;52805.9;51369.2;28325;584.6
2001;Reino Unido;3444.2;53435.3;52032.8;28608.9;485.7
2002;Reino Unido;3338.6;52486.3;49710.6;28667.3;500.2
2003;Reino Unido;3118.3;52624.4;51031.1;28909.5;515.4
2004;Reino Unido;2807.4;53544.5;51371.9;29144.1;523.7
2005;Reino Unido;2453.2;53376.6;49845.2;29980.7;574.7
2006;Reino Unido;2324.8;53593.3;47369.7;29684.4;734.6
2007;Reino Unido;2484.2;53661.5;44964.8;29377.1;975.3
2008;Reino Unido;2497.3;51005.5;46352.1;29391.4;2047.8
2009;Reino Unido;2222.5;48610.4;42144.8;27665.3;2325.4
2010;Reino Unido;2350.6;48588.6;46467.4;28286.1;2842.4
2011;Reino Unido;2168.2;46620.5;38616.5;27342;2664.1
2012;Reino Unido;2210.1;46780.6;42167.8;27377;2749.6
2013;Reino Unido;2688;45917;42686.4;27201.9;3489.2
2014;Reino Unido;2629.9;46443.7;36384.4;26048;3714.2
2015;Reino Unido;2296.9;47759;37700.1;26103.7;4728.3
2016;Reino Unido;2042.9;48636.3;38664.2;26151.4;4969
2017;Reino Unido;1871.3;49020.7;37810.1;25767.9;5004.8
2018;Reino Unido;1704.2;48387.5;39474.7;25843.5;5708.7
2019;Reino Unido;1565.1;47462.8;39311.4;25397.6;6200.1
